{"EndTime":"|2","Grade_Ori":0,"HasGrade":null,"Place":"|null","StartTime":"|1","Week":"|1","WeekTimes":1,"courseName":"军事课","credit":3,"lessonType":0,"teacherName":"null","term":1,"year":2015}

{"EndTime":"|5","Grade_Ori":100.0,"HasGrade":1,"Place":"|东B204","StartTime":"|4","Week":"|4","WeekTimes":1,"courseName":"中国近现代史纲要","credit":2,"lessonType":0,"teacherName":"贺希荣","term":2,"year":2015}

{"EndTime":"|9","Grade_Ori":99.0,"HasGrade":1,"Place":"|null","StartTime":"|8","Week":"|3","WeekTimes":1,"courseName":"体育","credit":1,"lessonType":0,"teacherName":"李朝阳","term":2,"year":2015}

{"EndTime":"|11","Grade_Ori":98.0,"HasGrade":1,"Place":"|东B301","StartTime":"|10","Week":"|5","WeekTimes":1,"courseName":"大学语文","credit":2,"lessonType":0,"teacherName":"姚达兑","term":2,"year":2015}

{"EndTime":"|11","Grade_Ori":97.0,"HasGrade":1,"Place":"|东E104","StartTime":"|0","Week":"|4","WeekTimes":1,"courseName":"综合英语1（大学英语）","credit":3,"lessonType":0,"teacherName":"黎芳","term":2,"year":2015}

{"EndTime":"|9|2","Grade_Ori":96.0,"HasGrade":1,"Place":"|东C205|东C205","StartTime":"|7|1","Week":"|2|4","WeekTimes":2,"courseName":"高等数学一（I）","credit":5,"lessonType":1,"teacherName":"张会春","term":2,"year":2015}

{"EndTime":"|5","Grade_Ori":95.0,"HasGrade":1,"Place":"|东C204","StartTime":"|4","Week":"|1","WeekTimes":1,"courseName":"地球科学概论","credit":2,"lessonType":2,"teacherName":"陈桂兴","term":2,"year":2015}

{"EndTime":"|15","Grade_Ori":94.0,"HasGrade":1,"Place":"|东B101","StartTime":"|13","Week":"|5","WeekTimes":1,"courseName":"社会文化与多元性/别","credit":2,"lessonType":3,"teacherName":"柯倩婷","term":2,"year":2015}

{"EndTime":"|9","Grade_Ori":0,"HasGrade":null,"Place":"|null","StartTime":"|8","Week":"|3","WeekTimes":1,"courseName":"体育","credit":1,"lessonType":0,"teacherName":"陈亚金","term":3,"year":2015}

{"EndTime":"|5","Grade_Ori":0,"HasGrade":null,"Place":"|东B201","StartTime":"|3","Week":"|2","WeekTimes":1,"courseName":"思想道德修养与法律基础","credit":3,"lessonType":0,"teacherName":"童建军","term":3,"year":2015}

{"EndTime":"|11","Grade_Ori":0,"HasGrade":null,"Place":"|东E104","StartTime":"|10","Week":"|4","WeekTimes":1,"courseName":"综合英语2（大学英语）","credit":3,"lessonType":0,"teacherName":"黎芳","term":3,"year":2015}

{"EndTime":"|5|5","Grade_Ori":0,"HasGrade":null,"Place":"|东C103|东C205","StartTime":"|4|4","Week":"|3|5","WeekTimes":2,"courseName":"大气科学基础","credit":4,"lessonType":1,"teacherName":"樊琦","term":3,"year":2015}

{"EndTime":"|5|9","Grade_Ori":0,"HasGrade":null,"Place":"|东E103|东E303","StartTime":"|3|8","Week":"|1|4","WeekTimes":2,"courseName":"普通物理学","credit":5,"lessonType":1,"teacherName":"崔浩","term":3,"year":2015}

{"EndTime":"|9|5","Grade_Ori":0,"HasGrade":null,"Place":"|东C202|东C202","StartTime":"|7|4","Week":"|2|4","WeekTimes":2,"courseName":"高等数学一（II）","credit":5,"lessonType":1,"teacherName":"丁伟","term":3,"year":2015}

{"EndTime":"|15","Grade_Ori":0,"HasGrade":null,"Place":"|东B103","StartTime":"|13","Week":"|4","WeekTimes":1,"courseName":"应用超级计算(核心通识)","credit":2,"lessonType":3,"teacherName":"张永东","term":3,"year":2015}

{"EndTime":"|15","Grade_Ori":0,"HasGrade":null,"Place":"|东C206","StartTime":"|13","Week":"|3","WeekTimes":1,"courseName":"日本语与日本文化(核心通识)","credit":2,"lessonType":3,"teacherName":"姜娜","term":3,"year":2015}

{"EndTime":"|11","Grade_Ori":0,"HasGrade":null,"Place":"|null","StartTime":"|10","Week":"|3","WeekTimes":1,"courseName":"体育","credit":1,"lessonType":0,"teacherName":"陈亚金","term":1,"year":2016}

{"EndTime":"|11","Grade_Ori":0,"HasGrade":null,"Place":"|东校E104","StartTime":"|10","Week":"|4","WeekTimes":1,"courseName":"英语学术阅读与写作I：多元文化思辨与批判性思考（大学英语）","credit":3,"lessonType":0,"teacherName":"郑岩芳","term":1,"year":2016}

{"EndTime":"|5","Grade_Ori":0,"HasGrade":null,"Place":"|东B403","StartTime":"|3","Week":"|4","WeekTimes":1,"courseName":"马克思主义基本原理","credit":3,"lessonType":0,"teacherName":"叶启绩","term":1,"year":2016}

{"EndTime":"|5","Grade_Ori":0,"HasGrade":null,"Place":"|东A401","StartTime":"|3","Week":"|1","WeekTimes":1,"courseName":"程序设计I","credit":3,"lessonType":1,"teacherName":"刘聪","term":1,"year":2016}

{"EndTime":"|5","Grade_Ori":0,"HasGrade":null,"Place":"|实验中心B202","StartTime":"|4","Week":"|5","WeekTimes":1,"courseName":"程序设计I实验","credit":1,"lessonType":1,"teacherName":"刘聪","term":1,"year":2016}

{"EndTime":"|11|5","Grade_Ori":0,"HasGrade":null,"Place":"|东A101|东A101","StartTime":"|10|4","Week":"|1|3","WeekTimes":2,"courseName":"高等代数","credit":4,"lessonType":1,"teacherName":"李绿周","term":1,"year":2016}

{"EndTime":"|15","Grade_Ori":0,"HasGrade":null,"Place":"|东E101","StartTime":"|13","Week":"|3","WeekTimes":1,"courseName":"《论语》研读(核心通识)","credit":2,"lessonType":3,"teacherName":"贺希荣","term":1,"year":2016}

{"EndTime":"|14","Grade_Ori":0,"HasGrade":null,"Place":"|东B102","StartTime":"|12","Week":"|1","WeekTimes":1,"courseName":"神奇的粒子世界（核心通识）","credit":2,"lessonType":3,"teacherName":"唐健","term":1,"year":2016}

