{"Week": "|2", "term": 1, "teacherName": "柳媛", "courseName": "中国近现代史纲要", "year": "2016", "credit": "2", "Place": "|东B201", "StartTime": "|8", "WeekTimes": 1, "EndTime": "|9", "lessonType": 0}
{"Week": "|3", "term": 1, "teacherName": "李寅", "courseName": "体育", "year": "2016", "credit": "1", "Place": "|null", "StartTime": "|8", "WeekTimes": 1, "EndTime": "|9", "lessonType": 0}
{"Week": "|2", "term": 1, "teacherName": "古添雄", "courseName": "军事课", "year": "2016", "credit": "3", "Place": "|东B101", "StartTime": "|13", "WeekTimes": 1, "EndTime": "|14", "lessonType": 0}
{"Week": "|4", "term": 1, "teacherName": "郑炜炜", "courseName": "大学英语III", "year": "2016", "credit": "2", "Place": "|东校E405", "StartTime": "|10", "WeekTimes": 1, "EndTime": "|11", "lessonType": 0}
{"Week": "|4", "term": 1, "teacherName": "郭晓蕾", "courseName": "大学语文", "year": "2016", "credit": "2", "Place": "|东B101", "StartTime": "|7", "WeekTimes": 1, "EndTime": "|8", "lessonType": 0}
{"Week": "|2|4", "term": 1, "teacherName": "陆遥", "courseName": "数学分析I", "year": "2016", "credit": "4", "Place": "|东A101|东A101", "StartTime": "|4|4", "WeekTimes": 2, "EndTime": "|5|5", "lessonType": 1}
{"Week": "|1", "term": 1, "teacherName": "刘聪", "courseName": "程序设计I", "year": "2016", "credit": "3", "Place": "|东A401", "StartTime": "|3", "WeekTimes": 1, "EndTime": "|5", "lessonType": 1}
{"Week": "|5", "term": 1, "teacherName": "刘聪", "courseName": "程序设计I实验", "year": "2016", "credit": "1", "Place": "|实验中心B202", "StartTime": "|4", "WeekTimes": 1, "EndTime": "|5", "lessonType": 1}
{"Week": "|1|3", "term": 1, "teacherName": "李绿周", "courseName": "高等代数", "year": "2016", "credit": "4", "Place": "|东A101|东A101", "StartTime": "|10|4", "WeekTimes": 2, "EndTime": "|11|5", "lessonType": 1}
{"Week": "|4|4|4|4|4|4", "term": 1, "teacherName": "周婷,石祥刚,张利红,张为民,金建华", "courseName": "现代生命科学导论(核心通识)", "year": "2016", "credit": "2", "Place": "|东A306|东A306|东A306|东A306|东A306|东A306", "StartTime": "|13|13|13|13|13|13", "WeekTimes": 6, "EndTime": "|15|15|15|15|15|15", "lessonType": 3}
